﻿<?xml version="1.0" encoding="UTF-8"?>
<addon id="repository.xbmc-addons-YSDQG"
        name="xbmc-addons-YSDQG"
        version="1.0.1"
        provider-name="xbmc-addons-YSDQG">
    <extension point="xbmc.addon.repository"
            name="xbmc-addons-YSDQG Add-ons">
        <dir minversion="19.0.0">
            <info compressed="true">https://cjk.lm317379829.repl.co/CJK/addons.xml</info>
            <checksum>https://cjk.lm317379829.repl.co/CJK/addons.xml.md5</checksum>
            <datadir zip="true">https://cjk.lm317379829.repl.co/CJK/repo/</datadir>
        </dir>
    </extension>
    <extension point="xbmc.addon.metadata">
        <summary>xbmc-addons-YSDQG</summary>
        <summary lang="zh">影视大全(改)的插件库</summary>
        <description>Download and install add-ons from xbmc-addons-YSDQG addon repository.</description>
        <description lang="zh">从xbmc-addons-YSDQG库下载安装插件。</description>
        <disclaimer>lm317379829 did not make all the add-ons on this repository and is not responsible for their content</disclaimer>
        <disclaimer lang="zh">本库中扩展功能模块不完全由lm317379829开发，对他人提交的内容不承担责任</disclaimer>
        <platform>all</platform>
        <assets>
            <icon>icon.png</icon>
        </assets>
    </extension>
</addon>
