<?xml version="1.0" encoding="UTF-8" standalone="yes"?>
<addon id="service.autostrat" name="Auto Start Plugin" version="1.0.0" provider-name="Auto Start Plugin">
	<requires>
		<import addon="xbmc.python" version="3.0.0"/>
	</requires>
	<extension point="xbmc.service" library="autostrat.py">
	</extension>
	<extension point="xbmc.addon.metadata">
		<summary lang="en_GB">Auto Start Plugin</summary>
		<description lang="en_GB">The Auto Start Plugin will automatically be run on Kodi startup.</description>
		<platform>all</platform>
		<license>GNU GENERAL PUBLIC LICENSE Version 2</license>
	</extension>
</addon>